run_id,run_name,eval/casa_acc_holdout,eval/step,eval/gap_holdout,eval/off_set_holdout,eval/gap,eval/id_acc,eval/casa_acc,_step,_runtime,eval/casa_cavg20_holdout,eval/id_cavg,_timestamp,eval/off_set,eval/casa_cavg8,eval/id_acc_macro,eval/madis_overall,eval/casa_cavg8_holdout,eval/casa_cavg20,eval/layer_mix_argmax,diagnostics/loss_plot,eval/casa_acc8_holdout,eval/casa_acc8
7pyyby2a,v3_lm_llrd1_cohere-ar,52.20978260040283,400.0,22.30437397956848,29.375368296994697,22.93243408203125,74.51415657997131,51.58172249794006,400,586.390659506,0.13949828708434953,0.15105466658572425,1785221235.5038762,28.910369068541304,0.31982922260599017,77.01597914099693,78.22356800403735,0.307125176399482,0.1452080874796653,10.0,,66.20506644248962,64.05975222587585
7pyyby2a,v3_lm_llrd1_cohere-ar,,,,,,,,500,1388.401128527,,,1785221307.6109855,,,,,,,,"{'sha256': 'c836042daeafe650fa8ce17188f9f7515e48f305f396e8ce4a6841d54d4fc411', 'size': 266755, 'height': 2090, 'width': 1210, '_type': 'image-file', 'format': 'png', 'path': 'media/images/diagnostics/loss_plot_400_c836042daeafe650fa8c.png'}",,
7pyyby2a,v3_lm_llrd1_cohere-ar,54.832059144973755,800.0,23.133885860443115,27.106658809664115,23.27936291694641,77.96594500541687,54.68658208847046,800,1766.925027422,0.12695245640792222,0.11935715286204777,1785222109.6214359,27.38722905682484,0.31038311758236947,81.0324415564537,73.40398687862731,0.2901351069421814,0.1335801410143312,10.0,,66.79434180259705,65.61218500137329
7pyyby2a,v3_lm_llrd1_cohere-ar,,,,,,,,1000,2347.148672839,,,1785222488.1453376,,,,,,,,"{'_type': 'image-file', 'format': 'png', 'path': 'media/images/diagnostics/loss_plot_800_61e834126c1c4cd1dfbd.png', 'sha256': '61e834126c1c4cd1dfbd1ab2c8e69eba2d38c6ab7536310451cee11664dfdf5d', 'size': 312642, 'height': 2090, 'width': 1210}",,
7pyyby2a,v3_lm_llrd1_cohere-ar,59.31054949760437,1200.0,22.56063222885132,25.427224513847968,22.175806760787964,81.87118172645569,59.695374965667725,1200,2905.564067837,0.10436541117773568,0.09682789999085958,1785223068.3688972,24.048037492677214,0.25319355079843814,84.07187700271606,76.30582891748675,0.2452342773581003,0.10771197224438805,6.0,,72.09782004356384,70.06444334983826
7pyyby2a,v3_lm_llrd1_cohere-ar,,,,,,,,1500,3302.888017362,,,1785223626.784442,,,,,,,,"{'_type': 'image-file', 'format': 'png', 'path': 'media/images/diagnostics/loss_plot_1200_56b8b8cd26ac3bef1f4f.png', 'sha256': '56b8b8cd26ac3bef1f4f4ba29fa03b35858be60cf141c68b42a92816f1376571', 'size': 348511, 'height': 2090, 'width': 1210}",,
7pyyby2a,v3_lm_llrd1_cohere-ar,57.80789852142334,1600.0,27.57059335708618,29.080730701237478,27.762794494628906,85.37849187850952,57.615697383880615,1600,4032.276369122,0.12407817893425174,0.08601101564709238,1785224024.1082718,28.705330990041006,0.29258763720819736,85.35436138510704,76.68433005299016,0.277426066039412,0.12727367606745774,5.0,,70.62463164329529,69.50790882110596
7pyyby2a,v3_lm_llrd1_cohere-ar,61.932820081710815,2000.0,25.185447931289673,28.66823806717737,25.577551126480103,87.11826801300049,61.540716886520386,2000,5202.808701332,0.10253731265476852,0.07463364011504102,1785224968.8397353,28.207381370826013,0.20231174151902154,89.09882932901382,74.31238960383548,0.19231576168766704,0.1065290895696855,5.0,"{'size': 368588, 'height': 2090, 'width': 1210, '_type': 'image-file', 'format': 'png', 'path': 'media/images/diagnostics/loss_plot_1600_e4bb21057340d6b81ed6.png', 'sha256': 'e4bb21057340d6b81ed673af7d666e94c4eef41126c67745b10456851ff9d55d'}",77.48968601226807,76.24487280845642
7pyyby2a,v3_lm_llrd1_cohere-ar,61.96228861808777,2400.0,27.025312185287476,27.018267530936946,27.476179599761963,88.98760080337524,61.51142120361328,2400,5385.063077796,0.11105244168711056,0.06593487056856859,1785225924.0289898,26.15700058582308,0.25857753460869043,90.0253090262413,76.76003028009085,0.24630363660877938,0.11344807821033681,5.0,,73.33529591560364,71.82191014289856
7pyyby2a,v3_lm_llrd1_cohere-ar,,,,,,,,2500,6145.912344032,,,1785226106.2834082,,,,,,,,"{'format': 'png', 'path': 'media/images/diagnostics/loss_plot_2400_64a07a2e9a806717b9c5.png', 'sha256': '64a07a2e9a806717b9c56f066687fc5a4b0f3db105e6d7a33323a46f9a7b2ef6', 'size': 379693, 'height': 2090, 'width': 1210, '_type': 'image-file'}",,
7pyyby2a,v3_lm_llrd1_cohere-ar,63.84796500205994,2800.0,23.76077175140381,24.72009428403064,24.251967668533325,87.60873675346375,63.35676908493042,2800,6523.008458886,0.10851516988246741,0.06888137807334585,1785226867.132642,24.809607498535442,0.2509549071258604,89.35285866260529,77.13853141559424,0.24355966811686047,0.11157131846104637,5.0,,74.57277774810791,73.43292236328125
7pyyby2a,v3_lm_llrd1_cohere-ar,,,,,,,,3000,7099.354217077,,,1785227244.2288196,,,,,,,,"{'_type': 'image-file', 'format': 'png', 'path': 'media/images/diagnostics/loss_plot_2800_e38fc79229b6e9ebe7cb.png', 'sha256': 'e38fc79229b6e9ebe7cb182eef57be1741e7593502c51ab0370f0ae750c98e47', 'size': 395956, 'height': 2090, 'width': 1210}",,
7pyyby2a,v3_lm_llrd1_cohere-ar,62.93458938598633,3200.0,26.571238040924072,28.13789039481438,27.144962549209595,89.5058274269104,62.360864877700806,3200,7645.076795271,0.11129990773760298,0.061356731842013304,1785227820.57445,28.002343292325715,0.252014120936367,90.72839498519897,77.51703255109766,0.24134178995836922,0.11323490563680223,5.0,,75.75132846832275,73.98945689201355
7pyyby2a,v3_lm_llrd1_cohere-ar,,,,,,,,3500,8041.059304119,,,1785228366.2970846,,,,,,,,"{'_type': 'image-file', 'format': 'png', 'path': 'media/images/diagnostics/loss_plot_3200_284e705d38b0a98ccca1.png', 'sha256': '284e705d38b0a98ccca1cd71fe0853f17a629151add5b197add2ac1b02712eed', 'size': 411870, 'height': 2090, 'width': 1210}",,
7pyyby2a,v3_lm_llrd1_cohere-ar,64.31939005851746,3600.0,25.130915641784668,24.83794932233353,25.595587491989136,89.45030570030212,63.85471820831299,3600,8782.307768535,0.10650345663959632,0.06018169867882012,1785228762.279593,24.4581136496778,0.2589396304034504,90.70633322000504,77.9964673227353,0.2511303035178555,0.11081677172274879,5.0,,74.8968780040741,72.96426296234131
7pyyby2a,v3_lm_llrd1_cohere-ar,65.08544683456421,4000.0,24.605464935302734,23.806717737183263,25.455409288406372,89.69091176986694,64.23550248146057,4000,9832.294097381,0.10402132511396897,0.060438873302364436,1785229715.3440125,23.93087287639133,0.24935893511132462,90.93036442995071,78.02170073176886,0.23965570252458884,0.10724700220759023,5.0,"{'size': 425648, 'height': 2090, 'width': 1210, '_type': 'image-file', 'format': 'png', 'path': 'media/images/diagnostics/loss_plot_3600_436d1bf873c3ee021010.png', 'sha256': '436d1bf873c3ee0210107fd7af221425b624589811598134e965fef823b1e634'}",74.98526573181152,73.34504723548889
